Title,Genre,Premiere,Runtime,IMDB Score,Language
Voice Pm Buy,Romance,"January 23, 2021",50,4.9,Spanish
Compare President Base,Action,"July 22, 2024",146,2.8,Italian
Add Culture Check,Comedy,"January 07, 2023",108,1.6,Japanese
Player Look Civil,Horror,"December 22, 2023",58,1.4,Japanese
Her Effort How,Romance,"December 24, 2023",52,4.2,Japanese
Forget Defense Control,Action,"July 27, 2024",144,1.6,Japanese
Kind Close Too,Comedy,"November 15, 2021",83,3.9,Spanish
Home Home White,Romance,"December 03, 2022",137,1.1,Japanese
Focus Although Force,Mystery,"May 07, 2021",97,3.7,Chinese
North American Budget,Horror,"September 08, 2024",97,1.1,English
Tv Defense Ok,Comedy,"September 28, 2022",145,3.9,Italian
Into Level Player,Horror,"May 01, 2020",65,3.6,Italian
Month Speech Decade,Mystery,"November 09, 2020",83,2.8,Spanish
Have Admit Item,Romance,"October 28, 2023",75,5.0,Chinese
Speech Church Decision,Drama,"July 06, 2024",91,1.5,Italian
Green Those Fight,Mystery,"August 01, 2022",81,3.1,Italian
Tell Record Listen,Comedy,"March 05, 2023",146,1.7,Chinese
Want Cover Yeah,Documentary,"July 26, 2023",85,3.7,Spanish
Owner Cost Seek,Horror,"February 08, 2021",82,3.2,Chinese
Southern Face Catch,Horror,"February 17, 2021",137,2.7,Chinese
Man Situation Laugh,Thriller,"May 29, 2023",118,1.7,Spanish
Others Likely Key,Mystery,"December 21, 2023",146,3.9,Japanese
Full Range Owner,Mystery,"March 16, 2022",85,4.3,Japanese
Expert Mr Particularly,Mystery,"May 28, 2021",97,2.9,Hindi
Off Increase Reach,Horror,"November 12, 2023",60,2.3,Chinese
Hot Sell Already,Mystery,"December 15, 2020",141,2.5,Hindi
Industry Way South,Documentary,"November 11, 2020",130,4.2,Spanish
Class Individual Positive,Documentary,"January 26, 2024",63,4.4,Chinese
Economy Adult Natural,Thriller,"June 19, 2024",88,3.9,Spanish
Them Big Language,Comedy,"February 23, 2021",135,3.8,Chinese
Create Miss Baby,Thriller,"April 05, 2020",117,4.6,Japanese
Trade Modern Affect,Comedy,"April 02, 2020",81,3.5,Spanish
Approach Learn President,Drama,"October 29, 2021",116,4.6,Chinese
Sing Others Own,Romance,"November 24, 2023",50,3.2,Italian
Someone Lead Act,Documentary,"September 26, 2021",147,4.8,Spanish
But Treatment Operation,Thriller,"March 06, 2024",84,3.2,Spanish
Character Claim Whom,Action,"January 14, 2020",66,3.6,English
Between Opportunity Bar,Mystery,"April 17, 2020",61,1.2,Spanish
Hair Get Only,Drama,"August 11, 2024",94,3.6,Chinese
Challenge Military Allow,Action,"April 08, 2021",59,1.3,Italian
Truth Since Quite,Thriller,"May 22, 2022",121,4.7,English
Old Create Second,Horror,"September 21, 2023",139,1.1,Hindi
You Task Whom,Thriller,"July 04, 2024",120,1.6,Chinese
Near Already Kitchen,Documentary,"October 02, 2020",143,1.5,Chinese
Weight Seem Debate,Romance,"April 23, 2022",93,3.2,Hindi
New Movie Free,Mystery,"November 24, 2021",134,1.6,Italian
Play Bag Growth,Action,"March 03, 2023",100,3.3,Japanese
Front Make End,Comedy,"September 02, 2022",142,3.0,Japanese
Third Call Fish,Mystery,"March 15, 2020",51,2.3,Italian
Yeah Analysis Watch,Documentary,"June 11, 2024",120,3.6,Italian
Me Piece Respond,Horror,"April 21, 2024",127,3.3,Spanish
Human Hit School,Romance,"May 31, 2023",78,1.4,Chinese
Expert Rise Western,Drama,"July 29, 2020",104,4.6,Japanese
Yard Follow Throughout,Romance,"July 10, 2020",53,4.6,Hindi
Trial Who Tree,Action,"January 10, 2023",100,3.2,Chinese
Reveal Deep Million,Romance,"May 30, 2021",63,1.1,Japanese
Future Six Skill,Horror,"May 07, 2020",99,2.2,Hindi
System Speech Floor,Documentary,"September 22, 2022",103,4.6,Spanish
Behind Rock Chance,Romance,"December 09, 2022",58,1.6,Spanish
Subject Until Will,Romance,"March 28, 2023",139,1.0,Italian
Behind Clearly Between,Romance,"May 17, 2023",131,1.3,English
Respond Whatever Catch,Romance,"November 02, 2022",75,1.4,Hindi
Although Appear Understand,Documentary,"June 07, 2022",109,2.8,Spanish
Rest Ten Least,Thriller,"November 18, 2022",145,1.4,Chinese
Firm International Grow,Comedy,"January 22, 2024",54,1.2,Spanish
Possible Continue Against,Romance,"May 05, 2024",91,2.1,Chinese
Themselves Especially Their,Comedy,"October 01, 2022",102,4.4,Japanese
Evening Recently Be,Comedy,"May 20, 2021",79,4.0,English
Strategy Your Ever,Mystery,"April 23, 2021",78,3.4,Italian
Perform Community His,Thriller,"November 27, 2022",109,1.1,Japanese
Information Road Activity,Horror,"May 01, 2023",122,3.9,Hindi
Write Reality Seat,Horror,"January 28, 2021",67,1.8,Hindi
Government Check Gas,Drama,"September 28, 2021",57,3.6,Chinese
Mention Back Appear,Documentary,"June 15, 2022",63,1.1,Chinese
Himself Dream Bag,Action,"June 26, 2021",97,4.4,Spanish
Help Three Upon,Horror,"January 02, 2021",88,3.3,Hindi
Me Ask Main,Horror,"August 01, 2022",61,4.8,Japanese
Amount Wall Food,Horror,"March 05, 2020",50,2.4,Japanese
Box Important Hot,Comedy,"December 29, 2023",145,1.8,Japanese
Have Important Many,Action,"September 17, 2022",60,4.0,Spanish
Especially Must Against,Comedy,"November 07, 2021",145,5.0,Chinese
Yourself Walk Attack,Drama,"November 23, 2021",108,4.4,Spanish
Short Thank Spend,Action,"September 17, 2024",56,3.0,Spanish
Party Between Necessary,Documentary,"October 01, 2023",141,3.7,Spanish
Produce Conference Spring,Romance,"June 22, 2024",119,3.6,Hindi
Choose Be Clear,Thriller,"January 17, 2024",134,3.7,Spanish
Dream Heavy Source,Documentary,"January 04, 2021",110,4.3,Japanese
Cultural Treat Media,Action,"July 20, 2024",69,4.5,Spanish
Join Whose Argue,Mystery,"June 07, 2024",102,2.1,Spanish
Purpose Modern Region,Mystery,"April 14, 2020",115,2.2,Italian
Perform Rule Best,Mystery,"July 10, 2023",70,1.0,English
Local Center Group,Drama,"March 08, 2020",80,2.8,Japanese
Assume Smile Son,Documentary,"June 21, 2020",126,4.3,Spanish
Ahead Beat Once,Drama,"January 18, 2024",78,1.8,English
Model Possible None,Drama,"January 06, 2021",57,4.5,English
Interview Again Skill,Thriller,"May 11, 2024",98,4.8,Spanish
Ten Phone Song,Mystery,"October 03, 2021",131,3.1,Italian
Purpose Summer Our,Documentary,"May 15, 2021",77,1.5,Hindi
Law Common Whatever,Romance,"December 16, 2023",73,1.6,Chinese
